[
    {
        "code": "AAX",
        "lat": "-19.5603",
        "lon": "-46.9653",
        "name": "Aeroporto de Romeu Zuma",
        "display_name": "Arax\u00e1 - (AAX)",
        "city": "Arax\u00e1",
        "state": "Minas Gerais",
        "country": "Brazil",
        "woeid": "12511034",
        "tz": "America\/Sao_Paulo",
        "phone": "",
        "type": "Airports",
        "email": "",
        "url": "",
        "runway_length": "6230",
        "elev": "3274",
        "icao": "SBAX",
        "direct_flights": "2",
        "carriers": "1",
        "tokens": [
            "AAX",
            "Aeroporto de Romeu Zuma",
            "Arax\u00e1",
            "Minas Gerais"
        ]
    },
    {
        "code": "AFL",
        "lat": "-9.8661",
        "lon": "-56.1044",
        "name": "Aeroporto de Alta Floresta",
        "display_name": "Alta Floresta - (AFL)",
        "city": "Alta Floresta",
        "state": "Mato Grosso",
        "country": "Brazil",
        "woeid": "12511017",
        "tz": "America\/Campo_Grande",
        "phone": "",
        "type": "Airports",
        "email": "",
        "url": "",
        "runway_length": "5249",
        "elev": "288",
        "icao": "SBAT",
        "direct_flights": "2",
        "carriers": "2",
        "tokens": [
            "AFL",
            "Aeroporto de Alta Floresta",
            "Alta Floresta",
            "Mato Grosso"
        ]
    },
    {
        "code": "AJU",
        "lat": "-10.985",
        "lon": "-37.0733",
        "name": "Aeroporto de Santa Maria",
        "display_name": "Aracaju - (AJU)",
        "city": "Aracaju",
        "state": "Sergipe",
        "country": "Brazil",
        "woeid": "12511305",
        "tz": "America\/Belem",
        "phone": "",
        "type": "Airports",
        "email": "",
        "url": "",
        "runway_length": "5372",
        "elev": "26",
        "icao": "SBAR",
        "direct_flights": "5",
        "carriers": "3",
        "tokens": [
            "AJU",
            "Aeroporto de Santa Maria",
            "Aracaju",
            "Sergipe"
        ]
    },
    {
        "code": "ARU",
        "lat": "-21.1436",
        "lon": "-50.4261",
        "name": "Aeroporto de Ara\u00e7atuba",
        "display_name": "Ara\u00e7atuba - (ARU)",
        "city": "Ara\u00e7atuba",
        "state": "São Paulo",
        "country": "Brazil",
        "woeid": "12511026",
        "tz": "America\/Sao_Paulo",
        "phone": "",
        "type": "Airports",
        "email": "",
        "url": "",
        "runway_length": "6955",
        "elev": "1358",
        "icao": "SBAU",
        "direct_flights": "2",
        "carriers": "1",
        "tokens": [
            "ARU",
            "Aeroporto de Ara\u00e7atuba",
            "Ara\u00e7atuba",
            "São Paulo"
        ]
    },
    {
        "code": "ATM",
        "lat": "-3.2506",
        "lon": "-52.2517",
        "name": "Aeroporto de Altamira",
        "display_name": "Altamira - (ATM)",
        "city": "Altamira",
        "state": "Pará",
        "country": "Brazil",
        "woeid": "12511018",
        "tz": "America\/Manaus",
        "phone": "",
        "type": "Airports",
        "email": "",
        "url": "",
        "runway_length": "6572",
        "elev": "367",
        "icao": "SBHT",
        "direct_flights": "2",
        "carriers": "1",
        "tokens": [
            "ATM",
            "Aeroporto de Altamira",
            "Altamira",
            "Pará"
        ]
    },
    {
        "code": "AUX",
        "lat": "-7.2281",
        "lon": "-48.2403",
        "name": "Aeroporto de Araguaina",
        "display_name": "Araguaina - (AUX)",
        "city": "Araguaina",
        "state": "Tocantins",
        "country": "Brazil",
        "woeid": "12511029",
        "tz": "America\/Araguaina",
        "phone": "",
        "type": "Airports",
        "email": "",
        "url": "",
        "runway_length": "5905",
        "elev": "771",
        "icao": "",
        "direct_flights": "3",
        "carriers": "2",
        "tokens": [
            "AUX",
            "Aeroporto de Araguaina",
            "Araguaina",
            "Tocantins"
        ]
    },
    {
        "code": "BAU",
        "lat": "-22.345",
        "lon": "-49.0531",
        "name": "Aeroporto de Bauru",
        "display_name": "Bauru - (BAU)",
        "city": "Bauru",
        "state": "São Paulo",
        "country": "Brazil",
        "woeid": "12511049",
        "tz": "America\/Sao_Paulo",
        "phone": "",
        "type": "Airports",
        "email": "",
        "url": "",
        "runway_length": "4921",
        "elev": "2018",
        "icao": "SBBU",
        "direct_flights": "3",
        "carriers": "1",
        "tokens": [
            "BAU",
            "Aeroporto de Bauru",
            "Bauru",
            "São Paulo"
        ]
    },
    {
        "code": "BEL",
        "lat": "-1.3844",
        "lon": "-48.4783",
        "name": "Aeroporto Internacional de Val de Caes",
        "display_name": "Belém - (BEL)",
        "city": "Belém",
        "state": "Pará",
        "country": "Brazil",
        "woeid": "12511369",
        "tz": "America\/Belem",
        "phone": "",
        "type": "Airports",
        "email": "",
        "url": "",
        "runway_length": "8202",
        "elev": "52",
        "icao": "SBBE",
        "direct_flights": "12",
        "carriers": "7",
        "tokens": [
            "BEL",
            "Aeroporto Internacional de Val de Caes",
            "Belém",
            "Pará"
        ]
    },
    {
        "code": "BPS",
        "lat": "-16.4406",
        "lon": "-39.0833",
        "name": "Aeroporto de Porto Seguro",
        "display_name": "Porto Seguro - (BPS)",
        "city": "Porto Seguro",
        "state": "Bahia",
        "country": "Brazil",
        "woeid": "12511284",
        "tz": "America\/Bahia",
        "phone": "",
        "type": "Airports",
        "email": "",
        "url": "",
        "runway_length": "5351",
        "elev": "161",
        "icao": "SBPS",
        "direct_flights": "3",
        "carriers": "6",
        "tokens": [
            "BPS",
            "Aeroporto de Porto Seguro",
            "Porto Seguro",
            "Bahia"
        ]
    },
    {
        "code": "BRA",
        "lat": "-12.0792",
        "lon": "-45.01",
        "name": "Aeroporto de Barreiras",
        "display_name": "Barreiras - (BRA)",
        "city": "Barreiras",
        "state": "Bahia",
        "country": "Brazil",
        "woeid": "12511045",
        "tz": "America\/Belem",
        "phone": "",
        "type": "Airports",
        "email": "",
        "url": "",
        "runway_length": "5905",
        "elev": "2444",
        "icao": "",
        "direct_flights": "2",
        "carriers": "1",
        "tokens": [
            "BRA",
            "Aeroporto de Barreiras",
            "Barreiras",
            "Bahia"
        ]
    },
    {
        "code": "BSB",
        "lat": "-15.8622",
        "lon": "-47.9122",
        "name": "Aeroporto Internacional Juscelino Kubitschek",
        "display_name": "Lago Sul - (BSB)",
        "city": "Lago Sul",
        "state": "Distrito Federal",
        "country": "Brazil",
        "woeid": "12511058",
        "tz": "America\/Sao_Paulo",
        "phone": "",
        "type": "Airports",
        "email": "",
        "url": "http:\/\/www.infraero.gov.br\/",
        "runway_length": "10499",
        "elev": "3473",
        "icao": "SBBR",
        "direct_flights": "32",
        "carriers": "10",
        "tokens": [
            "BSB",
            "Aeroporto Internacional Juscelino Kubitschek",
            "Lago Sul",
            "Distrito Federal"
        ]
    },
    {
        "code": "BVB",
        "lat": "2.8417",
        "lon": "-60.6917",
        "name": "Aeroporto Internacional de Boa Vista",
        "display_name": "Boa Vista - (BVB)",
        "city": "Boa Vista",
        "state": "Roraima",
        "country": "Brazil",
        "woeid": "12511054",
        "tz": "America\/Recife",
        "phone": "",
        "type": "Airports",
        "email": "",
        "url": "",
        "runway_length": "8071",
        "elev": "276",
        "icao": "SBBV",
        "direct_flights": "1",
        "carriers": "3",
        "tokens": [
            "BVB",
            "Aeroporto Internacional de Boa Vista",
            "Boa Vista",
            "Roraima"
        ]
    },
    {
        "code": "BVH",
        "lat": "-12.7014",
        "lon": "-60.0931",
        "name": "Aeroporto Brigadeiro Camarão",
        "display_name": "Vilhena - (BVH)",
        "city": "Vilhena",
        "state": "Rondonia",
        "country": "Brazil",
        "woeid": "12511373",
        "tz": "America\/Cuiaba",
        "phone": "",
        "type": "Other Airport",
        "email": "",
        "url": "",
        "runway_length": "8524",
        "elev": "2008",
        "icao": "",
        "direct_flights": "2",
        "carriers": "1",
        "tokens": [
            "BVH",
            "Aeroporto Brigadeiro Camarão",
            "Vilhena",
            "Rondonia"
        ]
    },
    {
        "code": "CAC",
        "lat": "-25.0017",
        "lon": "-53.5014",
        "name": "Aeroporto de Cascavel",
        "display_name": "Cascavel - (CAC)",
        "city": "Cascavel",
        "state": "Paraná",
        "country": "Brazil",
        "woeid": "12511085",
        "tz": "America\/Fortaleza",
        "phone": "",
        "type": "Airports",
        "email": "",
        "url": "",
        "runway_length": "4633",
        "elev": "2473",
        "icao": "",
        "direct_flights": "2",
        "carriers": "1",
        "tokens": [
            "CAC",
            "Aeroporto de Cascavel",
            "Cascavel",
            "Paraná"
        ]
    },
    {
        "code": "CCM",
        "lat": "-28.7239",
        "lon": "-49.4208",
        "name": "Aeroporto de Criciuma",
        "display_name": "Forquilhinha - (CCM)",
        "city": "Forquilhinha",
        "state": "Santa Catarina",
        "country": "Brazil",
        "woeid": "12511104",
        "tz": "America\/Sao_Paulo",
        "phone": "",
        "type": "Airports",
        "email": "",
        "url": "",
        "runway_length": "4892",
        "elev": "93",
        "icao": "",
        "direct_flights": "2",
        "carriers": "1",
        "tokens": [
            "CCM",
            "Aeroporto de Criciuma",
            "Forquilhinha",
            "Santa Catarina"
        ]
    },
    {
        "code": "CFC",
        "lat": "-26.7775",
        "lon": "-51.0175",
        "name": "Aeroporto de Ca\u00e7ador",
        "display_name": "Ca\u00e7ador - (CFC)",
        "city": "Ca\u00e7ador",
        "state": "Santa Catarina",
        "country": "Brazil",
        "woeid": "12523508",
        "tz": "America\/Sao_Paulo",
        "phone": "",
        "type": "Airports",
        "email": "",
        "url": "",
        "runway_length": null,
        "elev": null,
        "icao": "",
        "direct_flights": "2",
        "carriers": "1",
        "tokens": [
            "CFC",
            "Aeroporto de Ca\u00e7ador",
            "Ca\u00e7ador",
            "Santa Catarina"
        ]
    },
    {
        "code": "CGB",
        "lat": "-15.6497",
        "lon": "-56.1169",
        "name": "Aeroporto Internacional Marechal Rondon",
        "display_name": "Cuiabá - (CGB)",
        "city": "Cuiabá",
        "state": "Mato Grosso",
        "country": "Brazil",
        "woeid": "12511228",
        "tz": "America\/Cuiaba",
        "phone": "",
        "type": "Airports",
        "email": "",
        "url": "",
        "runway_length": "7546",
        "elev": "613",
        "icao": "SBCY",
        "direct_flights": "13",
        "carriers": "5",
        "tokens": [
            "CGB",
            "Aeroporto Internacional Marechal Rondon",
            "Cuiabá",
            "Mato Grosso"
        ]
    },
    {
        "code": "CGH",
        "lat": "-23.6285",
        "lon": "-46.6589",
        "name": "Aeroporto Internacional de Congonhas",
        "display_name": "São Paulo - Congonhas - (CGH)",
        "city": "São Paulo",
        "state": "São Paulo",
        "country": "Brazil",
        "woeid": "23388212",
        "tz": "America\/Sao_Paulo",
        "phone": "",
        "type": "Airports",
        "email": "",
        "url": "",
        "runway_length": "6362",
        "elev": "2631",
        "icao": "SBSP",
        "direct_flights": "26",
        "carriers": "6",
        "tokens": [
            "CGH",
            "Aeroporto Internacional de Congonhas",
            "São Paulo",
            "São Paulo"
        ]
    },
    {
        "code": "CGR",
        "lat": "-20.475",
        "lon": "-54.6736",
        "name": "Aeroporto Internacional de Campo Grande",
        "display_name": "Campo Grande - (CGR)",
        "city": "Campo Grande",
        "state": "Mato Grosso do Sul",
        "country": "Brazil",
        "woeid": "12511071",
        "tz": "America\/Campo_Grande",
        "phone": "",
        "type": "Airports",
        "email": "",
        "url": "",
        "runway_length": "8530",
        "elev": "1833",
        "icao": "SBCG",
        "direct_flights": "9",
        "carriers": "4",
        "tokens": [
            "CGR",
            "Aeroporto Internacional de Campo Grande",
            "Campo Grande",
            "Mato Grosso do Sul"
        ]
    },
    {
        "code": "CKS",
        "lat": "-6.1175",
        "lon": "-50.0036",
        "name": "Aeroporto de Carajás",
        "display_name": "Carajás - (CKS)",
        "city": "Carajás",
        "state": "Pará",
        "country": "Brazil",
        "woeid": "12511077",
        "tz": "America\/Belem",
        "phone": "",
        "type": "Airports",
        "email": "",
        "url": "",
        "runway_length": "6562",
        "elev": "2028",
        "icao": "",
        "direct_flights": "2",
        "carriers": "1",
        "tokens": [
            "CKS",
            "Aeroporto de Carajás",
            "Carajás",
            "Pará"
        ]
    },
    {
        "code": "CMG",
        "lat": "-19.0055",
        "lon": "-57.7055",
        "name": "Aeroporto Internacional Corumbá",
        "display_name": "Corumbá - (CMG)",
        "city": "Corumbá",
        "state": "Mato Grosso do Sul",
        "country": "Brazil",
        "woeid": "12511101",
        "tz": "America\/Campo_Grande",
        "phone": "",
        "type": "Airports",
        "email": "",
        "url": "",
        "runway_length": "5443",
        "elev": "461",
        "icao": "SBCR",
        "direct_flights": "1",
        "carriers": "1",
        "tokens": [
            "CMG",
            "Aeroporto Internacional Corumbá",
            "Corumbá",
            "Mato Grosso do Sul"
        ]
    },
    {
        "code": "CNF",
        "lat": "-19.6242",
        "lon": "-43.9717",
        "name": "Aeroporto Internacional Tancredo Neves",
        "display_name": "Belo Horizonte - Confins - (CNF)",
        "city": "Confins",
        "state": "Minas Gerais",
        "country": "Brazil",
        "woeid": "12511339",
        "tz": "America\/Sao_Paulo",
        "phone": "",
        "type": "Airports",
        "email": "",
        "url": "",
        "runway_length": null,
        "elev": null,
        "icao": "SBCF",
        "direct_flights": "15",
        "carriers": "13",
        "tokens": [
            "CNF",
            "Aeroporto Internacional Tancredo Neves",
            "Confins",
            "Belo Horizonte",
            "Minas Gerais"
        ]
    },
    {
        "code": "CPQ",
        "lat": "-23",
        "lon": "-47.1333",
        "name": "Aeroporto Internacional de Campinas",
        "display_name": "São Paulo - Campinas - (CPQ)",
        "city": "Campinas",
        "state": "São Paulo",
        "country": "Brazil",
        "woeid": "12523513",
        "tz": "America\/Sao_Paulo",
        "phone": "",
        "type": "Airports",
        "email": "",
        "url": "",
        "runway_length": "3936",
        "elev": "2051",
        "icao": "",
        "direct_flights": "6",
        "carriers": "4",
        "tokens": [
            "CPQ",
            "Aeroporto Internacional de Campinas",
            "Campinas",
            "São Paulo"
        ]
    },
    {
        "code": "CPV",
        "lat": "-7.2689",
        "lon": "-35.8947",
        "name": "Aeroporto Presidente João Suassuna",
        "display_name": "Campina Grande - (CPV)",
        "city": "Campina Grande",
        "state": "Paraíba",
        "country": "Brazil",
        "woeid": "12511202",
        "tz": "America\/Belem",
        "phone": "",
        "type": "Airports",
        "email": "",
        "url": "",
        "runway_length": "5249",
        "elev": "1641",
        "icao": "SBKG",
        "direct_flights": "1",
        "carriers": "1",
        "tokens": [
            "CPV",
            "Aeroporto Presidente João Suassuna",
            "Campina Grande",
            "Paraíba"
        ]
    },
    {
        "code": "CWB",
        "lat": "-25.5275",
        "lon": "-49.1731",
        "name": "Aeroporto Internacional Afonso Pena",
        "display_name": "São José dos Pinhais - (CWB)",
        "city": "São José dos Pinhais",
        "state": "Paraná",
        "country": "Brazil",
        "woeid": "12511012",
        "tz": "America\/Sao_Paulo",
        "phone": "+55(41)3381-1515",
        "type": "Airports",
        "email": "",
        "url": "",
        "runway_length": "7267",
        "elev": "2989",
        "icao": "SBCT",
        "direct_flights": "19",
        "carriers": "16",
        "tokens": [
            "CWB",
            "Aeroporto Internacional Afonso Pena",
            "São José dos Pinhais",
            "Paraná"
        ]
    },
    {
        "code": "CXJ",
        "lat": "-29.1961",
        "lon": "-51.1906",
        "name": "Aeroporto Campo dos Bugres",
        "display_name": "Caxias do Sul - (CXJ)",
        "city": "Caxias do Sul",
        "state": "Rio Grande do Sul",
        "country": "Brazil",
        "woeid": "12511068",
        "tz": "America\/Sao_Paulo",
        "phone": "",
        "type": "Airports",
        "email": "",
        "url": "",
        "runway_length": null,
        "elev": null,
        "icao": "",
        "direct_flights": "1",
        "carriers": "1",
        "tokens": [
            "CXJ",
            "Aeroporto Campo dos Bugres",
            "Caxias do Sul",
            "Rio Grande do Sul"
        ]
    },
    {
        "code": "CZS",
        "lat": "-7.5994",
        "lon": "-72.7697",
        "name": "Aeroporto Internacional Cruzeiro do Sul",
        "display_name": "Cruzeiro Do Sul - (CZS)",
        "city": "Cruzeiro Do Sul",
        "state": "Acre",
        "country": "Brazil",
        "woeid": "12511105",
        "tz": "America\/Rio_Branco",
        "phone": "",
        "type": "Airports",
        "email": "",
        "url": "",
        "runway_length": "7877",
        "elev": "600",
        "icao": "",
        "direct_flights": "1",
        "carriers": "1",
        "tokens": [
            "CZS",
            "Aeroporto Internacional Cruzeiro do Sul",
            "Cruzeiro Do Sul",
            "Acre"
        ]
    },
    {
        "code": "DOU",
        "lat": "-22.1978",
        "lon": "-54.9225",
        "name": "Aeroporto de Dourados",
        "display_name": "Dourados - (DOU)",
        "city": "Dourados",
        "state": "Mato Grosso do Sul",
        "country": "Brazil",
        "woeid": "12511113",
        "tz": "America\/Campo_Grande",
        "phone": "",
        "type": "Airports",
        "email": "",
        "url": "",
        "runway_length": "4321",
        "elev": "1509",
        "icao": "",
        "direct_flights": "1",
        "carriers": "1",
        "tokens": [
            "DOU",
            "Aeroporto de Dourados",
            "Dourados",
            "Mato Grosso do Sul"
        ]
    },
    {
        "code": "ERM",
        "lat": "-27.6608",
        "lon": "-52.2756",
        "name": "Aeroporto Comandante Kraemer",
        "display_name": "Erechim - (ERM)",
        "city": "Erechim",
        "state": "Rio Grande do Sul",
        "country": "Brazil",
        "woeid": "12511118",
        "tz": "America\/Sao_Paulo",
        "phone": "",
        "type": "Airports",
        "email": "",
        "url": "",
        "runway_length": "4199",
        "elev": "2498",
        "icao": "",
        "direct_flights": "2",
        "carriers": "1",
        "tokens": [
            "ERM",
            "Aeroporto Comandante Kraemer",
            "Erechim",
            "Rio Grande do Sul"
        ]
    },
    {
        "code": "FEN",
        "lat": "-3.8519",
        "lon": "-32.4244",
        "name": "Fernando de Noronha Airport",
        "display_name": "Vila dos Rem\u00e9dios - (FEN)",
        "city": "Vila dos Rem\u00e9dios",
        "state": "Pernambuco",
        "country": "Brazil",
        "woeid": "12511145",
        "tz": "America\/Recife",
        "phone": "",
        "type": "Airports",
        "email": "",
        "url": "",
        "runway_length": "6050",
        "elev": "184",
        "icao": "",
        "direct_flights": "2",
        "carriers": "2",
        "tokens": [
            "FEN",
            "Fernando de Noronha Airport",
            "Vila dos Rem\u00e9dios",
            "Pernambuco"
        ]
    },
    {
        "code": "FLN",
        "lat": "-27.6697",
        "lon": "-48.5517",
        "name": "Aeroporto Internacional Hercilio Luz",
        "display_name": "Florianópolis - (FLN)",
        "city": "Florianópolis",
        "state": "Santa Catarina",
        "country": "Brazil",
        "woeid": "12511173",
        "tz": "America\/Sao_Paulo",
        "phone": "",
        "type": "Airports",
        "email": "",
        "url": "",
        "runway_length": "7942",
        "elev": "20",
        "icao": "",
        "direct_flights": "12",
        "carriers": "10",
        "tokens": [
            "FLN",
            "Aeroporto Internacional Hercilio Luz",
            "Florianópolis",
            "Santa Catarina"
        ]
    },
    {
        "code": "FOR",
        "lat": "-3.7758",
        "lon": "-38.5322",
        "name": "Aeroporto Internacional Pinto Martins",
        "display_name": "Fortaleza - (FOR)",
        "city": "Fortaleza",
        "state": "Ceará",
        "country": "Brazil",
        "woeid": "12511272",
        "tz": "America\/Belem",
        "phone": "",
        "type": "Airports",
        "email": "",
        "url": "",
        "runway_length": "8350",
        "elev": "82",
        "icao": "SBFZ",
        "direct_flights": "18",
        "carriers": "13",
        "tokens": [
            "FOR",
            "Aeroporto Internacional Pinto Martins",
            "Fortaleza",
            "Ceará"
        ]
    },
    {
        "code": "FRC",
        "lat": "-20.5897",
        "lon": "-47.3819",
        "name": "Aeroporto de França",
        "display_name": "São Paulo - França - (FRC)",
        "city": "França",
        "state": "São Paulo",
        "country": "Brazil",
        "woeid": "12511149",
        "tz": "America\/Sao_Paulo",
        "phone": "",
        "type": "Airports",
        "email": "",
        "url": "",
        "runway_length": "4921",
        "elev": "3271",
        "icao": "",
        "direct_flights": "1",
        "carriers": "1",
        "tokens": [
            "FRC",
            "Aeroporto de França",
            "França",
            "São Paulo"
        ]
    },
    {
        "code": "GEL",
        "lat": "-28.2808",
        "lon": "-54.1683",
        "name": "Aeroporto Santo Ângelo",
        "display_name": "Santo Ângelo - (GEL)",
        "city": "Santo Ângelo",
        "state": "Rio Grande do Sul",
        "country": "Brazil",
        "woeid": "12511309",
        "tz": "America\/Sao_Paulo",
        "phone": "",
        "type": "Airports",
        "email": "",
        "url": "",
        "runway_length": "3937",
        "elev": "1063",
        "icao": "",
        "direct_flights": "3",
        "carriers": "1",
        "tokens": [
            "GEL",
            "Aeroporto Santo Ângelo",
            "Santo Ângelo",
            "Rio Grande do Sul"
        ]
    },
    {
        "code": "GIG",
        "lat": "-22.8094",
        "lon": "-43.25",
        "name": "Aeroporto Internacional Antônio Carlos Jobim",
        "display_name": "Rio de Janeiro - (GIG)",
        "city": "Rio de Janeiro",
        "state": "Rio de Janeiro",
        "country": "Brazil",
        "woeid": "12511292",
        "tz": "America\/Sao_Paulo",
        "phone": "+55(21)3398-5050",
        "type": "Airports",
        "email": "",
        "url": "",
        "runway_length": "13123",
        "elev": "30",
        "icao": "SBGL",
        "direct_flights": "32",
        "carriers": "25",
        "tokens": [
            "GIG",
            "Aeroporto Internacional Antônio Carlos Jobim",
            "Rio de Janeiro",
            "Rio de Janeiro"
        ]
    },
    {
        "code": "GRU",
        "lat": "-23.435",
        "lon": "-46.4728",
        "name": "Aeroporto Internacional Governador André Franco Montoro",
        "display_name": "São Paulo - Guarulhos - (GRU)",
        "city": "Guarulhos",
        "state": "São Paulo",
        "country": "Brazil",
        "woeid": "12511170",
        "tz": "America\/Sao_Paulo",
        "phone": "",
        "type": "Airports",
        "email": "",
        "url": "",
        "runway_length": "12140",
        "elev": "2459",
        "icao": "SBGR",
        "direct_flights": "63",
        "carriers": "35",
        "tokens": [
            "GRU",
            "Aeroporto Internacional Governador André Franco Montoro",
            "Guarulhos",
            "São Paulo"
        ]
    },
    {
        "code": "GVR",
        "lat": "-18.8958",
        "lon": "-41.9856",
        "name": "Aeroporto Governador Valadares",
        "display_name": "Governador Valadares - (GVR)",
        "city": "Governador Valadares",
        "state": "Minas Gerais",
        "country": "Brazil",
        "woeid": "12511160",
        "tz": "America\/Sao_Paulo",
        "phone": "",
        "type": "Airports",
        "email": "",
        "url": "",
        "runway_length": "4593",
        "elev": "561",
        "icao": "",
        "direct_flights": "2",
        "carriers": "1",
        "tokens": [
            "GVR",
            "Aeroporto Governador Valadares",
            "Governador Valadares",
            "Minas Gerais"
        ]
    },
    {
        "code": "GYN",
        "lat": "-16.6294",
        "lon": "-49.2261",
        "name": "Aeroporto Santa Genoveva",
        "display_name": "Goiânia - (GYN)",
        "city": "Goiânia",
        "state": "Goiás",
        "country": "Brazil",
        "woeid": "12511301",
        "tz": "America\/Sao_Paulo",
        "phone": "",
        "type": "Airports",
        "email": "",
        "url": "",
        "runway_length": "7221",
        "elev": "2448",
        "icao": "",
        "direct_flights": "7",
        "carriers": "4",
        "tokens": [
            "GYN",
            "Aeroporto Santa Genoveva",
            "Goiânia",
            "Goiás"
        ]
    },
    {
        "code": "IGU",
        "lat": "-25.5958",
        "lon": "-54.4864",
        "name": "Aeroporto Internacional Cataratas",
        "display_name": "Foz do Iguaçu - (IGU)",
        "city": "Foz do Iguaçu",
        "state": "Paraná",
        "country": "Brazil",
        "woeid": "12511087",
        "tz": "America\/Sao_Paulo",
        "phone": "",
        "type": "Airports",
        "email": "",
        "url": "",
        "runway_length": "7218",
        "elev": "787",
        "icao": "SBFI",
        "direct_flights": "3",
        "carriers": "7",
        "tokens": [
            "IGU",
            "Aeroporto Internacional Cataratas",
            "Foz do Iguaçu",
            "Paraná"
        ]
    },
    {
        "code": "IMP",
        "lat": "-5.5303",
        "lon": "-47.4669",
        "name": "Aeroporto Prefeito Renato Moreira",
        "display_name": "Imperatriz - (IMP)",
        "city": "Imperatriz",
        "state": "Maranhão",
        "country": "Brazil",
        "woeid": "12511179",
        "tz": "America\/Belem",
        "phone": "",
        "type": "Airports",
        "email": "",
        "url": "",
        "runway_length": "5918",
        "elev": "430",
        "icao": "",
        "direct_flights": "2",
        "carriers": "3",
        "tokens": [
            "IMP",
            "Aeroporto Prefeito Renato Moreira",
            "Imperatriz",
            "Maranhão"
        ]
    },
    {
        "code": "IOS",
        "lat": "-14.8142",
        "lon": "-39.0331",
        "name": "Aeroporto Jorge Amado",
        "display_name": "Ilh\u00e9us - (IOS)",
        "city": "Ilh\u00e9us",
        "state": "Bahia",
        "country": "Brazil",
        "woeid": "12511178",
        "tz": "America\/Belem",
        "phone": "",
        "type": "Airports",
        "email": "",
        "url": "",
        "runway_length": "5164",
        "elev": "13",
        "icao": "",
        "direct_flights": "4",
        "carriers": "3",
        "tokens": [
            "IOS",
            "Aeroporto Jorge Amado",
            "Ilh\u00e9us",
            "Bahia"
        ]
    },
    {
        "code": "IPN",
        "lat": "-19.47",
        "lon": "-42.4875",
        "name": "Aeroporto Usiminas",
        "display_name": "Santana do Para\u00edso - (IPN)",
        "city": "Santana do Para\u00edso",
        "state": "Minas Gerais",
        "country": "Brazil",
        "woeid": "12511364",
        "tz": "America\/Sao_Paulo",
        "phone": "",
        "type": "Airports",
        "email": "",
        "url": "",
        "runway_length": "6575",
        "elev": "784",
        "icao": "",
        "direct_flights": "1",
        "carriers": "1",
        "tokens": [
            "IPN",
            "Aeroporto Usiminas",
            "Santana do Para\u00edso",
            "Minas Gerais"
        ]
    },
    {
        "code": "JCB",
        "lat": "-27.1722",
        "lon": "-51.5511",
        "name": "Aeroporto Joaçaba",
        "display_name": "Joa\u00e7aba - (JCB)",
        "city": "Joa\u00e7aba",
        "state": "Santa Catarina",
        "country": "Brazil",
        "woeid": "12511200",
        "tz": "America\/Sao_Paulo",
        "phone": "",
        "type": "Airports",
        "email": "",
        "url": "",
        "runway_length": "4134",
        "elev": "2546",
        "icao": "",
        "direct_flights": "4",
        "carriers": "1",
        "tokens": [
            "JCB",
            "Aeroporto Joaçaba",
            "Joa\u00e7aba",
            "Santa Catarina"
        ]
    },
    {
        "code": "JDF",
        "lat": "-21.7925",
        "lon": "-43.385",
        "name": "Aeroporto Francisco de Assis",
        "display_name": "Juiz de Fora - (JDF)",
        "city": "Juiz de Fora",
        "state": "Minas Gerais",
        "country": "Brazil",
        "woeid": "12511151",
        "tz": "America\/Sao_Paulo",
        "phone": "",
        "type": "Airports",
        "email": "",
        "url": "",
        "runway_length": "4275",
        "elev": "2989",
        "icao": "",
        "direct_flights": "4",
        "carriers": "2",
        "tokens": [
            "JDF",
            "Aeroporto Francisco de Assis",
            "Juiz de Fora",
            "Minas Gerais"
        ]
    },
    {
        "code": "JDO",
        "lat": "-7.2181",
        "lon": "-39.2706",
        "name": "Aeroporto Cariri Regional",
        "display_name": "Juazeiro do Norte - (JDO)",
        "city": "Juazeiro do Norte",
        "state": "Ceará",
        "country": "Brazil",
        "woeid": "12511080",
        "tz": "America\/Belem",
        "phone": "",
        "type": "Airports",
        "email": "",
        "url": "",
        "runway_length": "5965",
        "elev": "1342",
        "icao": "",
        "direct_flights": "2",
        "carriers": "1",
        "tokens": [
            "JDO",
            "Aeroporto Cariri Regional",
            "Juazeiro do Norte",
            "Ceará"
        ]
    },
    {
        "code": "JOI",
        "lat": "-26.223",
        "lon": "-48.8046",
        "name": "Aeroporto Lauro Carneiro de Loyola",
        "display_name": "Joinville - (JOI)",
        "city": "Joinville",
        "state": "Santa Catarina",
        "country": "Brazil",
        "woeid": "12511203",
        "tz": "America\/Sao_Paulo",
        "phone": "",
        "type": "Airports",
        "email": "",
        "url": "",
        "runway_length": "5381",
        "elev": "12",
        "icao": "",
        "direct_flights": "1",
        "carriers": "2",
        "tokens": [
            "JOI",
            "Aeroporto Lauro Carneiro de Loyola",
            "Joinville",
            "Santa Catarina"
        ]
    },
    {
        "code": "JPA",
        "lat": "-7.1481",
        "lon": "-34.9506",
        "name": "Aeroporto Internacional Presidente Castro Pinto",
        "display_name": "Santa Rita - (JPA)",
        "city": "Santa Rita",
        "state": "Paraiba",
        "country": "Brazil",
        "woeid": "12511287",
        "tz": "America\/Belem",
        "phone": "",
        "type": "Airports",
        "email": "",
        "url": "",
        "runway_length": "8251",
        "elev": "213",
        "icao": "SBJP",
        "direct_flights": "3",
        "carriers": "3",
        "tokens": [
            "JPA",
            "Aeroporto Internacional Presidente Castro Pinto",
            "Santa Rita",
            "Paraiba"
        ]
    },
    {
        "code": "JPR",
        "lat": "-10.8703",
        "lon": "-61.8461",
        "name": "Aeroporto Ji Paraná",
        "display_name": "Ji-Paran\u00e1 - (JPR)",
        "city": "Ji-Paran\u00e1",
        "state": "Rondonia",
        "country": "Brazil",
        "woeid": "12511198",
        "tz": "America\/Manaus",
        "phone": "",
        "type": "Airports",
        "email": "",
        "url": "",
        "runway_length": "5906",
        "elev": "594",
        "icao": "",
        "direct_flights": "3",
        "carriers": "2",
        "tokens": [
            "JPR",
            "Aeroporto Ji Paraná",
            "Ji-Paran\u00e1",
            "Rondonia"
        ]
    },
    {
        "code": "LAJ",
        "lat": "-27.7831",
        "lon": "-50.2825",
        "name": "Aeroporto de Lajes",
        "display_name": "Lages - (LAJ)",
        "city": "Lages",
        "state": "Santa Catarina",
        "country": "Brazil",
        "woeid": "12511208",
        "tz": "America\/Sao_Paulo",
        "phone": "",
        "type": "Other Airport",
        "email": "",
        "url": "",
        "runway_length": "4921",
        "elev": "3068",
        "icao": "",
        "direct_flights": "2",
        "carriers": "1",
        "tokens": [
            "LAJ",
            "Aeroporto de Lajes",
            "Lages",
            "Santa Catarina"
        ]
    },
    {
        "code": "LDB",
        "lat": "-23.3297",
        "lon": "-51.1361",
        "name": "Aeroporto de Londrina",
        "display_name": "Londrina - (LDB)",
        "city": "Londrina",
        "state": "Paraná",
        "country": "Brazil",
        "woeid": "12511215",
        "tz": "America\/Sao_Paulo",
        "phone": "",
        "type": "Airports",
        "email": "",
        "url": "",
        "runway_length": "6896",
        "elev": "1867",
        "icao": "",
        "direct_flights": "6",
        "carriers": "4",
        "tokens": [
            "LDB",
            "Aeroporto de Londrina",
            "Londrina",
            "Paraná"
        ]
    },
    {
        "code": "MAB",
        "lat": "-5.3533",
        "lon": "-49.1336",
        "name": "Aeroporto de Marabá",
        "display_name": "Marab\u00e1 - (MAB)",
        "city": "Marab\u00e1",
        "state": "Pará",
        "country": "Brazil",
        "woeid": "12511224",
        "tz": "America\/Araguaina",
        "phone": "",
        "type": "Airports",
        "email": "",
        "url": "",
        "runway_length": "6575",
        "elev": "358",
        "icao": "",
        "direct_flights": "2",
        "carriers": "3",
        "tokens": [
            "MAB",
            "Aeroporto de Marabá",
            "Marab\u00e1",
            "Pará"
        ]
    },
    {
        "code": "MAO",
        "lat": "-3.0392",
        "lon": "-60.0469",
        "name": "Aeroporto Internacional Eduardo Gomes",
        "display_name": "Manáus - (MAO)",
        "city": "Manáus",
        "state": "Amazonas",
        "country": "Brazil",
        "woeid": "12511115",
        "tz": "America\/Manaus",
        "phone": "",
        "type": "Airports",
        "email": "",
        "url": "",
        "runway_length": "8858",
        "elev": "279",
        "icao": "KMAO",
        "direct_flights": "15",
        "carriers": "11",
        "tokens": [
            "MAO",
            "Aeroporto Internacional Eduardo Gomes",
            "Manáus",
            "Amazonas"
        ]
    },
    {
        "code": "MCP",
        "lat": "0.0525",
        "lon": "-51.0675",
        "name": "Aeroporto Internacional de Macapá",
        "display_name": "Macap\u00e1 - (MCP)",
        "city": "Macap\u00e1",
        "state": "Amapá",
        "country": "Brazil",
        "woeid": "12511218",
        "tz": "America\/Manaus",
        "phone": "",
        "type": "Airports",
        "email": "",
        "url": "",
        "runway_length": "6847",
        "elev": "52",
        "icao": "",
        "direct_flights": "2",
        "carriers": "4",
        "tokens": [
            "MCP",
            "Aeroporto Internacional de Macapá",
            "Macap\u00e1",
            "Amapá"
        ]
    },
    {
        "code": "MCZ",
        "lat": "-9.5117",
        "lon": "-35.8",
        "name": "Aeroporto Internacional Zumbi dos Palmares",
        "display_name": "Maceió - (MCZ)",
        "city": "Maceió",
        "state": "Alagoas",
        "country": "Brazil",
        "woeid": "12511069",
        "tz": "America\/Belem",
        "phone": "",
        "type": "Airports",
        "email": "",
        "url": "",
        "runway_length": "6234",
        "elev": "377",
        "icao": "KMCZ",
        "direct_flights": "5",
        "carriers": "5",
        "tokens": [
            "MCZ",
            "Aeroporto Internacional Zumbi dos Palmares",
            "Maceió",
            "Alagoas"
        ]
    },
    {
        "code": "MEA",
        "lat": "-22.3422",
        "lon": "-41.7633",
        "name": "Aeroporto de Macaé",
        "display_name": "Macaé - (MEA)",
        "city": "Macaé",
        "state": "Rio de Janeiro",
        "country": "Brazil",
        "woeid": "12511217",
        "tz": "America\/Sao_Paulo",
        "phone": "",
        "type": "Other Airport",
        "email": "",
        "url": "",
        "runway_length": "3937",
        "elev": "7",
        "icao": "",
        "direct_flights": "1",
        "carriers": "1",
        "tokens": [
            "MEA",
            "Aeroporto de Macaé",
            "Macaé",
            "Rio de Janeiro"
        ]
    },
    {
        "code": "MGF",
        "lat": "-23.4394",
        "lon": "-51.9061",
        "name": "Aeroporto de Maringá",
        "display_name": "Maringá - (MGF)",
        "city": "Maringá",
        "state": "Paraná",
        "country": "Brazil",
        "woeid": "12511231",
        "tz": "America\/Sao_Paulo",
        "phone": "55-44-3266-3838",
        "type": "Airports",
        "email": "",
        "url": "http:\/\/www.aeroportomaringa.com.br",
        "runway_length": "5250",
        "elev": "1821",
        "icao": "",
        "direct_flights": "2",
        "carriers": "2",
        "tokens": [
            "MGF",
            "Aeroporto de Maringá",
            "Maringá",
            "Paraná"
        ]
    },
    {
        "code": "MII",
        "lat": "-22.1953",
        "lon": "-49.9261",
        "name": "Aeroporto Dr. Gastao Vidigal",
        "display_name": "Marilia - (MII)",
        "city": "Marilia",
        "state": "São Paulo",
        "country": "Brazil",
        "woeid": "12511229",
        "tz": "America\/Sao_Paulo",
        "phone": "",
        "type": "Airports",
        "email": "",
        "url": "",
        "runway_length": "4921",
        "elev": "2093",
        "icao": "",
        "direct_flights": "3",
        "carriers": "1",
        "tokens": [
            "MII",
            "Aeroporto Dr. Gastao Vidigal",
            "Marilia",
            "São Paulo"
        ]
    },
    {
        "code": "MOC",
        "lat": "-16.7044",
        "lon": "-43.8203",
        "name": "Aeroporto Montes Claros",
        "display_name": "Montes Claros - (MOC)",
        "city": "Montes Claros",
        "state": "Minas Gerais",
        "country": "Brazil",
        "woeid": "12511238",
        "tz": "America\/Sao_Paulo",
        "phone": "",
        "type": "Airports",
        "email": "",
        "url": "",
        "runway_length": "6890",
        "elev": "2192",
        "icao": "",
        "direct_flights": "2",
        "carriers": "2",
        "tokens": [
            "MOC",
            "Aeroporto Montes Claros",
            "Montes Claros",
            "Minas Gerais"
        ]
    },
    {
        "code": "MVS",
        "lat": "-18.0492",
        "lon": "-39.8653",
        "name": "Aeroporto Max Feffer",
        "display_name": "Mucuri - (MVS)",
        "city": "Mucuri",
        "state": "Bahia",
        "country": "Brazil",
        "woeid": "456351",
        "tz": "America\/Belem",
        "phone": "",
        "type": "Airports",
        "email": "",
        "url": "",
        "runway_length": null,
        "elev": null,
        "icao": "",
        "direct_flights": "1",
        "carriers": "1",
        "tokens": [
            "MVS",
            "Aeroporto Max Feffer",
            "Mucuri",
            "Bahia"
        ]
    },
    {
        "code": "NAT",
        "lat": "-5.84694",
        "lon": "-35.2145",
        "name": "Aeroporto Internacional Augusto Severo",
        "display_name": "Natal - (NAT)",
        "city": "Natal",
        "state": "Rio Grande do Norte",
        "country": "Brazil",
        "woeid": "12511038",
        "tz": "America\/Belem",
        "phone": "",
        "type": "Airports",
        "email": "",
        "url": "",
        "runway_length": "7441",
        "elev": "171",
        "icao": "SBNT",
        "direct_flights": "11",
        "carriers": "10",
        "tokens": [
            "NAT",
            "Aeroporto Internacional Augusto Severo",
            "Natal",
            "Rio Grande do Norte"
        ]
    },
    {
        "code": "NVT",
        "lat": "-26.8797",
        "lon": "-48.6481",
        "name": "Aeroporto Internacional Ministro Victor Konder",
        "display_name": "Navegantes - (NVT)",
        "city": "Navegantes",
        "state": "Santa Catarina",
        "country": "Brazil",
        "woeid": "12511240",
        "tz": "America\/Sao_Paulo",
        "phone": "",
        "type": "Airports",
        "email": "",
        "url": "",
        "runway_length": "5581",
        "elev": "18",
        "icao": "",
        "direct_flights": "1",
        "carriers": "2",
        "tokens": [
            "NVT",
            "Aeroporto Internacional Ministro Victor Konder",
            "Navegantes",
            "Santa Catarina"
        ]
    },
    {
        "code": "OPS",
        "lat": "-11.8733",
        "lon": "-55.5733",
        "name": "Aeroporto de Sinop",
        "display_name": "Sinop - (OPS)",
        "city": "Sinop",
        "state": "Mato Grosso",
        "country": "Brazil",
        "woeid": "12511328",
        "tz": "America\/Campo_Grande",
        "phone": "",
        "type": "Airports",
        "email": "",
        "url": "",
        "runway_length": null,
        "elev": null,
        "icao": "",
        "direct_flights": "2",
        "carriers": "1",
        "tokens": [
            "OPS",
            "Aeroporto de Sinop",
            "Sinop",
            "Mato Grosso"
        ]
    },
    {
        "code": "ORJ",
        "lat": "4.71667",
        "lon": "-60.0333",
        "name": "Aeroporto Orinduik",
        "display_name": "Rera - Orinduik - (ORJ)",
        "city": "Rera",
        "state": "Roraima",
        "country": "Brazil",
        "woeid": "12524536",
        "tz": "America\/Manaus",
        "phone": "",
        "type": "Airports",
        "email": "",
        "url": "",
        "runway_length": "2826",
        "elev": "1800",
        "icao": "",
        "direct_flights": "0",
        "carriers": "0",
        "tokens": [
            "ORJ",
            "Aeroporto Orinduik",
            "Rera",
            "Roraima"
        ]
    },
    {
        "code": "PET",
        "lat": "-31.7181",
        "lon": "-52.3244",
        "name": "Aeroporto de Pelotas",
        "display_name": "Pelotas - (PET)",
        "city": "Pelotas",
        "state": "Rio Grande do Sul",
        "country": "Brazil",
        "woeid": "12511267",
        "tz": "America\/Sao_Paulo",
        "phone": "",
        "type": "Airports",
        "email": "",
        "url": "",
        "runway_length": "6503",
        "elev": "59",
        "icao": "",
        "direct_flights": "2",
        "carriers": "1",
        "tokens": [
            "PET",
            "Aeroporto de Pelotas",
            "Pelotas",
            "Rio Grande do Sul"
        ]
    },
    {
        "code": "PFB",
        "lat": "-28.2447",
        "lon": "-52.3317",
        "name": "Aeroporto Lauro Kurtz",
        "display_name": "Passo Fundo - (PFB)",
        "city": "Passo Fundo",
        "state": "Rio Grande do Sul",
        "country": "Brazil",
        "woeid": "12511209",
        "tz": "America\/Sao_Paulo",
        "phone": "",
        "type": "Airports",
        "email": "",
        "url": "",
        "runway_length": "4281",
        "elev": "2369",
        "icao": "",
        "direct_flights": "3",
        "carriers": "2",
        "tokens": [
            "PFB",
            "Aeroporto Lauro Kurtz",
            "Passo Fundo",
            "Rio Grande do Sul"
        ]
    },
    {
        "code": "PIN",
        "lat": "-2.6658",
        "lon": "-56.7822",
        "name": "Aeroporto de Parintins",
        "display_name": "Parintins - (PIN)",
        "city": "Parintins",
        "state": "Amazonas",
        "country": "Brazil",
        "woeid": "12511260",
        "tz": "America\/Manaus",
        "phone": "",
        "type": "Airports",
        "email": "",
        "url": "",
        "runway_length": "5249",
        "elev": "75",
        "icao": "",
        "direct_flights": "2",
        "carriers": "1",
        "tokens": [
            "PIN",
            "Aeroporto de Parintins",
            "Parintins",
            "Amazonas"
        ]
    },
    {
        "code": "PLU",
        "lat": "-19.8517",
        "lon": "-43.9508",
        "name": "Aeroporto da Pampulha",
        "display_name": "Belo Horizonte - Pampulha - (PLU)",
        "city": "Belo Horizonte",
        "state": "Minas Gerais",
        "country": "Brazil",
        "woeid": "12511257",
        "tz": "America\/Sao_Paulo",
        "phone": "",
        "type": "Airports",
        "email": "",
        "url": "",
        "runway_length": "8327",
        "elev": "2587",
        "icao": "SBBH",
        "direct_flights": "7",
        "carriers": "1",
        "tokens": [
            "PLU",
            "Aeroporto da Pampulha",
            "Belo Horizonte",
            "Minas Gerais"
        ]
    },
    {
        "code": "PMW",
        "lat": "-10.2417",
        "lon": "-48.3528",
        "name": "Aeroporto de Palmas",
        "display_name": "Palmas - (PMW)",
        "city": "Palmas",
        "state": "Tocantins",
        "country": "Brazil",
        "woeid": "12523650",
        "tz": "America\/Sao_Paulo",
        "phone": "",
        "type": "Airports",
        "email": "",
        "url": "",
        "runway_length": "6562",
        "elev": "788",
        "icao": "",
        "direct_flights": "1",
        "carriers": "3",
        "tokens": [
            "PMW",
            "Aeroporto de Palmas",
            "Palmas",
            "Tocantins"
        ]
    },
    {
        "code": "PNZ",
        "lat": "-9.3647",
        "lon": "-40.5658",
        "name": "Aeroporto Senador Nilo Coelho",
        "display_name": "Petrolina - (PNZ)",
        "city": "Petrolina",
        "state": "Pernambuco",
        "country": "Brazil",
        "woeid": "12511269",
        "tz": "America\/Belem",
        "phone": "",
        "type": "Airports",
        "email": "",
        "url": "",
        "runway_length": "6890",
        "elev": "1234",
        "icao": "",
        "direct_flights": "2",
        "carriers": "3",
        "tokens": [
            "PNZ",
            "Aeroporto Senador Nilo Coelho",
            "Petrolina",
            "Pernambuco"
        ]
    },
    {
        "code": "POA",
        "lat": "-29.9933",
        "lon": "-51.1708",
        "name": "Aeroporto Internacional Salgado Filho",
        "display_name": "Porto Alegre - (POA)",
        "city": "Porto Alegre",
        "state": "Rio Grande do Sul",
        "country": "Brazil",
        "woeid": "12511298",
        "tz": "America\/Sao_Paulo",
        "phone": "",
        "type": "Airports",
        "email": "",
        "url": "",
        "runway_length": "7480",
        "elev": "10",
        "icao": "SBPA",
        "direct_flights": "19",
        "carriers": "15",
        "tokens": [
            "POA",
            "Aeroporto Internacional Salgado Filho",
            "Porto Alegre",
            "Rio Grande do Sul"
        ]
    },
    {
        "code": "PPB",
        "lat": "-22.1778",
        "lon": "-51.4208",
        "name": "Aeroporto Presidente Prudente",
        "display_name": "São Paulo - Presidente Prudente - (PPB)",
        "city": "Presidente Prudente",
        "state": "São Paulo",
        "country": "Brazil",
        "woeid": "12511289",
        "tz": "America\/Sao_Paulo",
        "phone": "",
        "type": "Airports",
        "email": "",
        "url": "",
        "runway_length": "6900",
        "elev": "1477",
        "icao": "",
        "direct_flights": "3",
        "carriers": "2",
        "tokens": [
            "PPB",
            "Aeroporto Presidente Prudente",
            "Presidente Prudente",
            "São Paulo"
        ]
    },
    {
        "code": "PVH",
        "lat": "-8.7133",
        "lon": "-63.9022",
        "name": "Aeroporto Internacional Governador Jorge Teixeira de Oliveira",
        "display_name": "P\u00f4rto Velho - (PVH)",
        "city": "P\u00f4rto Velho",
        "state": "Rondonia",
        "country": "Brazil",
        "woeid": "12511285",
        "tz": "America\/Manaus",
        "phone": "",
        "type": "Airports",
        "email": "",
        "url": "",
        "runway_length": "7874",
        "elev": "289",
        "icao": "",
        "direct_flights": "4",
        "carriers": "4",
        "tokens": [
            "PVH",
            "Aeroporto Internacional Governador Jorge Teixeira de Oliveira",
            "P\u00f4rto Velho",
            "Rondonia"
        ]
    },
    {
        "code": "CWB",
        "lat": "-25.5275",
        "lon": "-49.1731",
        "name": "Aeroporto Internacional Afonso Pena",
        "display_name": "Curitiba - (CWB)",
        "city": "Sao Jose dos Pinhais",
        "state": "Paraná",
        "country": "Brazil",
        "woeid": "12511012",
        "tz": "America\/Sao_Paulo",
        "phone": "",
        "type": "Airports",
        "email": "",
        "url": "",
        "runway_length": null,
        "elev": null,
        "icao": "",
        "direct_flights": "1",
        "carriers": "1",
        "tokens": [
            "QWB",
            "Aeroporto Internacional Afonso Pena",
            "Sao Jose dos Pinhais",
            "Paraná"
        ]
    },
    {
        "code": "RAO",
        "lat": "-21.1322",
        "lon": "-47.7744",
        "name": "Aeroporto Leite Lopes",
        "display_name": "Ribeir\u00e3o Pr\u00eato - (RAO)",
        "city": "Ribeir\u00e3o Pr\u00eato",
        "state": "São Paulo",
        "country": "Brazil",
        "woeid": "12511210",
        "tz": "America\/Sao_Paulo",
        "phone": "",
        "type": "Airports",
        "email": "",
        "url": "",
        "runway_length": "5905",
        "elev": "1801",
        "icao": "",
        "direct_flights": "7",
        "carriers": "1",
        "tokens": [
            "RAO",
            "Aeroporto Leite Lopes",
            "Ribeir\u00e3o Pr\u00eato",
            "São Paulo"
        ]
    },
    {
        "code": "RBR",
        "lat": "-9.9981",
        "lon": "-67.7997",
        "name": "Aeroporto Internacional Presidente Medici",
        "display_name": "Rio Branco - (RBR)",
        "city": "Rio Branco",
        "state": "Acre",
        "country": "Brazil",
        "woeid": "12511288",
        "tz": "America\/Cuiaba",
        "phone": "",
        "type": "Airports",
        "email": "",
        "url": "",
        "runway_length": "8530",
        "elev": "466",
        "icao": "",
        "direct_flights": "3",
        "carriers": "3",
        "tokens": [
            "RBR",
            "Aeroporto Internacional Presidente Medici",
            "Rio Branco",
            "Acre"
        ]
    },
    {
        "code": "REC",
        "lat": "-8.1261",
        "lon": "-34.9225",
        "name": "Aeroporto Internacional Gilberto Freyre",
        "display_name": "Recife - (REC)",
        "city": "Recife",
        "state": "Pernambuco",
        "country": "Brazil",
        "woeid": "12511167",
        "tz": "America\/Belem",
        "phone": "",
        "type": "Airports",
        "email": "",
        "url": "",
        "runway_length": "9875",
        "elev": "36",
        "icao": "SBRF",
        "direct_flights": "18",
        "carriers": "13",
        "tokens": [
            "REC",
            "Aeroporto Internacional Gilberto Freyre",
            "Recife",
            "Pernambuco"
        ]
    },
    {
        "code": "RIA",
        "lat": "-29.7106",
        "lon": "-53.6875",
        "name": "Aeroporto Santa Maria",
        "display_name": "Santa Maria - (RIA)",
        "city": "Santa Maria",
        "state": "Rio Grande do Sul",
        "country": "Brazil",
        "woeid": "12511304",
        "tz": "America\/Sao_Paulo",
        "phone": "",
        "type": "Airports",
        "email": "",
        "url": "",
        "runway_length": "7087",
        "elev": "289",
        "icao": "KRIA",
        "direct_flights": "3",
        "carriers": "1",
        "tokens": [
            "RIA",
            "Aeroporto Santa Maria",
            "Santa Maria",
            "Rio Grande do Sul"
        ]
    },
    {
        "code": "RIG",
        "lat": "-32.0819",
        "lon": "-52.1664",
        "name": "Aeroporto Rio Grande",
        "display_name": "Rio Grande - (RIG)",
        "city": "Rio Grande",
        "state": "Rio Grande do Sul",
        "country": "Brazil",
        "woeid": "12511293",
        "tz": "America\/Sao_Paulo",
        "phone": "",
        "type": "Other Airport",
        "email": "",
        "url": "",
        "runway_length": "3937",
        "elev": "16",
        "icao": "",
        "direct_flights": "2",
        "carriers": "1",
        "tokens": [
            "RIG",
            "Aeroporto Rio Grande",
            "Rio Grande",
            "Rio Grande do Sul"
        ]
    },
    {
        "code": "ROO",
        "lat": "-16.4458",
        "lon": "-54.6639",
        "name": "Aeroporto Rondonopolis",
        "display_name": "Rondon\u00f3polis - (ROO)",
        "city": "Rondon\u00f3polis",
        "state": "Mato Grosso",
        "country": "Brazil",
        "woeid": "12511294",
        "tz": "America\/Campo_Grande",
        "phone": "",
        "type": "Other Airport",
        "email": "",
        "url": "",
        "runway_length": "4265",
        "elev": "984",
        "icao": "",
        "direct_flights": "1",
        "carriers": "1",
        "tokens": [
            "ROO",
            "Aeroporto Rondonopolis",
            "Rondon\u00f3polis",
            "Mato Grosso"
        ]
    },
    {
        "code": "SDU",
        "lat": "-22.9107",
        "lon": "-43.1707",
        "name": "Aeroporto Santos Dumont",
        "display_name": "Rio de Janeiro - Santos Dumont - (SDU)",
        "city": "Rio de Janeiro",
        "state": "Rio de Janeiro",
        "country": "Brazil",
        "woeid": "12511312",
        "tz": "America\/Sao_Paulo",
        "phone": "",
        "type": "Airports",
        "email": "",
        "url": "",
        "runway_length": "4341",
        "elev": "11",
        "icao": "SBRJ",
        "direct_flights": "4",
        "carriers": "4",
        "tokens": [
            "SDU",
            "Aeroporto Santos Dumont",
            "Rio de Janeiro",
            "Rio de Janeiro"
        ]
    },
    {
        "code": "SJK",
        "lat": "-23.2283",
        "lon": "-45.8706",
        "name": "Aeroporto Internacional Sao José dos Campos",
        "display_name": "Sao José dos Campos - (SJK)",
        "city": "Sao José dos Campos",
        "state": "São Paulo",
        "country": "Brazil",
        "woeid": "12511318",
        "tz": "America\/Sao_Paulo",
        "phone": "",
        "type": "Airports",
        "email": "",
        "url": "",
        "runway_length": "9843",
        "elev": "2129",
        "icao": "",
        "direct_flights": "0",
        "carriers": "0",
        "tokens": [
            "SJK",
            "Aeroporto Internacional Sao José dos Campos",
            "Sao José dos Campos",
            "São Paulo"
        ]
    },
    {
        "code": "SJP",
        "lat": "-20.8156",
        "lon": "-49.4042",
        "name": "Aeroporto Internacional de Sao José do Rio Preto",
        "display_name": "S\u00e3o Jos\u00e9 do Rio Pr\u00eato - (SJP)",
        "city": "S\u00e3o Jos\u00e9 do Rio Pr\u00eato",
        "state": "São Paulo",
        "country": "Brazil",
        "woeid": "12511317",
        "tz": "America\/Sao_Paulo",
        "phone": "",
        "type": "Airports",
        "email": "",
        "url": "",
        "runway_length": "4921",
        "elev": "1778",
        "icao": "",
        "direct_flights": "2",
        "carriers": "1",
        "tokens": [
            "SJP",
            "Aeroporto Internacional de Sao José do Rio Preto",
            "S\u00e3o Jos\u00e9 do Rio Pr\u00eato",
            "São Paulo"
        ]
    },
    {
        "code": "SLZ",
        "lat": "-2.5867",
        "lon": "-44.2358",
        "name": "Aeroporto Internacional Marechal Cunha Machado",
        "display_name": "São Luiz - (SLZ)",
        "city": "São Luiz",
        "state": "Maranhão",
        "country": "Brazil",
        "woeid": "12511227",
        "tz": "America\/Belem",
        "phone": "",
        "type": "Airports",
        "email": "",
        "url": "",
        "runway_length": "7710",
        "elev": "177",
        "icao": "",
        "direct_flights": "5",
        "carriers": "5",
        "tokens": [
            "SLZ",
            "Aeroporto Internacional Marechal Cunha Machado",
            "Salvador",
            "Bahia"
        ]
    },
    {
        "code": "SRA",
        "lat": "-27.9083",
        "lon": "-54.5217",
        "name": "Aeroporto Santa Rosa",
        "display_name": "Santa Rosa - (SRA)",
        "city": "Santa Rosa",
        "state": "Rio Grande do Sul",
        "country": "Brazil",
        "woeid": "12511306",
        "tz": "America\/Sao_Paulo",
        "phone": "",
        "type": "Airports",
        "email": "",
        "url": "",
        "runway_length": "4265",
        "elev": "935",
        "icao": "",
        "direct_flights": "1",
        "carriers": "1",
        "tokens": [
            "SRA",
            "Aeroporto Santa Rosa",
            "Santa Rosa",
            "Rio Grande do Sul"
        ]
    },
    {
        "code": "SSA",
        "lat": "-12.9081",
        "lon": "-38.3222",
        "name": "Aeroporto Internacional Deputado Luis Eduardo Magalhaes",
        "display_name": "Salvador - (SSA)",
        "city": "Salvador",
        "state": "Bahia",
        "country": "Brazil",
        "woeid": "12511112",
        "tz": "America\/Belem",
        "phone": "",
        "type": "Airports",
        "email": "",
        "url": "",
        "runway_length": "9865",
        "elev": "60",
        "icao": "SBSV",
        "direct_flights": "24",
        "carriers": "14",
        "tokens": [
            "SSA",
            "Aeroporto Internacional Deputado Luis Eduardo Magalhaes",
            "Salvador",
            "Bahia"
        ]
    },
    {
        "code": "STM",
        "lat": "-2.4244",
        "lon": "-54.7853",
        "name": "Aeroporto Internacional de Santarem",
        "display_name": "Santar\u00e9m - (STM)",
        "city": "Santar\u00e9m",
        "state": "Pará",
        "country": "Brazil",
        "woeid": "12511308",
        "tz": "America\/Manaus",
        "phone": "",
        "type": "Airports",
        "email": "",
        "url": "",
        "runway_length": "7881",
        "elev": "197",
        "icao": "",
        "direct_flights": "4",
        "carriers": "3",
        "tokens": [
            "STM",
            "Aeroporto Internacional de Santarem",
            "Santar\u00e9m",
            "Pará"
        ]
    },
    {
        "code": "THE",
        "lat": "-5.0603",
        "lon": "-42.8239",
        "name": "Aeroporto Senador Petronio Portella",
        "display_name": "Teresina - (THE)",
        "city": "Teresina",
        "state": "Maranhão",
        "country": "Brazil",
        "woeid": "12511344",
        "tz": "America\/Belem",
        "phone": "",
        "type": "Airports",
        "email": "",
        "url": "",
        "runway_length": null,
        "elev": null,
        "icao": "",
        "direct_flights": "2",
        "carriers": "4",
        "tokens": [
            "THE",
            "Aeroporto Senador Petronio Portella",
            "Teresina",
            "Maranhão"
        ]
    },
    {
        "code": "TMT",
        "lat": "-1.48667",
        "lon": "-56.3961",
        "name": "Aeroporto de Trombetas",
        "display_name": "Trombetas - (TMT)",
        "city": "Trombetas",
        "state": "Pará",
        "country": "Brazil",
        "woeid": "12511352",
        "tz": "America\/Manaus",
        "phone": "",
        "type": "Airports",
        "email": "",
        "url": "",
        "runway_length": null,
        "elev": null,
        "icao": "",
        "direct_flights": "3",
        "carriers": "1",
        "tokens": [
            "TMT",
            "Aeroporto de Trombetas",
            "Trombetas",
            "Pará"
        ]
    },
    {
        "code": "TUR",
        "lat": "-3.7767",
        "lon": "-49.7192",
        "name": "Aeroporto de Tucuru\u00ed",
        "display_name": "Tucuru\u00ed - (TUR)",
        "city": "Tucuru\u00ed",
        "state": "Para",
        "country": "Brazil",
        "woeid": "12511353",
        "tz": "America\/Belem",
        "phone": "",
        "type": "Airports",
        "email": "",
        "url": "",
        "runway_length": null,
        "elev": null,
        "icao": "",
        "direct_flights": "2",
        "carriers": "1",
        "tokens": [
            "TUR",
            "Aeroporto de Tucuruí",
            "Tucuru\u00ed",
            ""
        ]
    },
    {
        "code": "UBA",
        "lat": "-19.75",
        "lon": "-47.95",
        "name": "Aeroporto de Uberaba",
        "display_name": "Uberaba - (UBA)",
        "city": "Uberaba",
        "state": "Minas Gerais",
        "country": "Brazil",
        "woeid": "455916",
        "tz": "America\/Sao_Paulo",
        "phone": "",
        "type": "Airports",
        "email": "",
        "url": "",
        "runway_length": "5905",
        "elev": "2648",
        "icao": "",
        "direct_flights": "5",
        "carriers": "2",
        "tokens": [
            "UBA",
            "Aeroporto de Uberaba",
            "Uberaba",
            "Minas Gerais"
        ]
    },
    {
        "code": "UDI",
        "lat": "-18.8833",
        "lon": "-48.2247",
        "name": "Aeroporto Coronel Aviador Cesar Bombonato",
        "display_name": "Uberlândia - (UDI)",
        "city": "Uberlândia",
        "state": "Minas Gerais",
        "country": "Brazil",
        "woeid": "12511358",
        "tz": "America\/Sao_Paulo",
        "phone": "",
        "type": "Airports",
        "email": "",
        "url": "",
        "runway_length": "6365",
        "elev": "3094",
        "icao": "",
        "direct_flights": "6",
        "carriers": "2",
        "tokens": [
            "UDI",
            "Aeroporto Coronel Aviador Cesar Bombonato",
            "Uberlândia",
            "Minas Gerais"
        ]
    },
    {
        "code": "URG",
        "lat": "-29.7817",
        "lon": "-57.0383",
        "name": "Aeroporto Internacional Rubem Berta",
        "display_name": "Uruguaiana - (URG)",
        "city": "Uruguaiana",
        "state": "Rio Grande do Sul",
        "country": "Brazil",
        "woeid": "12511295",
        "tz": "America\/Sao_Paulo",
        "phone": "",
        "type": "Airports",
        "email": "",
        "url": "",
        "runway_length": "4921",
        "elev": "243",
        "icao": "",
        "direct_flights": "1",
        "carriers": "1",
        "tokens": [
            "URG",
            "Aeroporto Internacional Rubem Berta",
            "Uruguaiana",
            "Rio Grande do Sul"
        ]
    },
    {
        "code": "VCP",
        "lat": "-23.0067",
        "lon": "-47.1344",
        "name": "Aeroporto Internacional Viracopos",
        "display_name": "Campinas - Viracopos - (VCP)",
        "city": "Campinas",
        "state": "São Paulo",
        "country": "Brazil",
        "woeid": "12511374",
        "tz": "America\/Sao_Paulo",
        "phone": "",
        "type": "Airports",
        "email": "",
        "url": "",
        "runway_length": "10630",
        "elev": "2169",
        "icao": "SBKP",
        "direct_flights": "14",
        "carriers": "11",
        "tokens": [
            "VCP",
            "Aeroporto Internacional Viracopos",
            "Campinas",
            "São Paulo"
        ]
    },
    {
        "code": "VDC",
        "lat": "-14.8633",
        "lon": "-40.8628",
        "name": "Aeroporto Vitória da Conquista",
        "display_name": "Vit\u00f3ria da Conquista - (VDC)",
        "city": "Vit\u00f3ria da Conquista",
        "state": "Bahia",
        "country": "Brazil",
        "woeid": "12511375",
        "tz": "America\/Belem",
        "phone": "",
        "type": "Airports",
        "email": "",
        "url": "",
        "runway_length": "5827",
        "elev": "2998",
        "icao": "",
        "direct_flights": "1",
        "carriers": "1",
        "tokens": [
            "VDC",
            "Aeroporto Vitória da Conquista",
            "Vit\u00f3ria da Conquista",
            "Bahia"
        ]
    },
    {
        "code": "VIX",
        "lat": "-20.2578",
        "lon": "-40.2864",
        "name": "Aeroporto Goiabeiras",
        "display_name": "Vitória - (VIX)",
        "city": "Vitória",
        "state": "Espirito Santo",
        "country": "Brazil",
        "woeid": "12511159",
        "tz": "America\/Sao_Paulo",
        "phone": "",
        "type": "Airports",
        "email": "",
        "url": "",
        "runway_length": "6138",
        "elev": "11",
        "icao": "SBVT",
        "direct_flights": "6",
        "carriers": "7",
        "tokens": [
            "VIX",
            "Aeroporto Goiabeiras",
            "Vitória",
            "Espirito Santo"
        ]
    },
    {
        "code": "XAP",
        "lat": "-27.1325",
        "lon": "-52.6611",
        "name": "Aeroporto de Chapecó",
        "display_name": "Chapecó - (XAP)",
        "city": "Chapecó",
        "state": "Santa Catarina",
        "country": "Brazil",
        "woeid": "12511090",
        "tz": "America\/Sao_Paulo",
        "phone": "",
        "type": "Airports",
        "email": "",
        "url": "",
        "runway_length": "4921",
        "elev": "2133",
        "icao": "SBCH",
        "direct_flights": "1",
        "carriers": "2",
        "tokens": [
            "XAP",
            "Aeroporto de Chapecó",
            "Chapecó",
            ""
        ]
    },
    {
        "code": "XNB",
        "lat": "-3.08333",
        "lon": "-67.9333",
        "name": "Aeroporto de Sinop",
        "display_name": "Santo Ant\u00f4nio do I\u00e7\u00e1 - (XNB)",
        "city": "Santo Ant\u00f4nio do I\u00e7\u00e1",
        "state": "Amazonas",
        "country": "Brazil",
        "woeid": "12523221",
        "tz": "America\/Porto_Velho",
        "phone": "",
        "type": "Airports",
        "email": "",
        "url": "",
        "runway_length": null,
        "elev": null,
        "icao": "",
        "direct_flights": "1",
        "carriers": "1",
        "tokens": [
            "XNB",
            "Aeroporto de Sinop",
            "Santo Ant\u00f4nio do I\u00e7\u00e1",
            "Amazonas"
        ]
    },
    {
        "code": "ZNB",
        "lat": "-3.08333",
        "lon": "-67.9333",
        "name": "Aeroporto de Sinop",
        "display_name": "Santo Ant\u00f4nio do I\u00e7\u00e1 - (ZNB)",
        "city": "Santo Ant\u00f4nio do I\u00e7\u00e1",
        "state": "Amazonas",
        "country": "Brazil",
        "woeid": "12523221",
        "tz": "America\/Porto_Velho",
        "phone": "",
        "type": "Airports",
        "email": "",
        "url": "",
        "runway_length": null,
        "elev": null,
        "icao": "",
        "direct_flights": "3",
        "carriers": "1",
        "tokens": [
            "ZNB",
            "Aeroporto de Sinop",
            "Santo Ant\u00f4nio do I\u00e7\u00e1",
            "Amazonas"
        ]
    }
]